pair_ID	XLNetLabel
4a	1
4b	1
24a	2
105a	2
116a	2
119a	2
185a	2
211a	0
218a	0
218b	0
219a	1
219b	1
228a	2
236a	2
253a	0
280a	2
285a	2
304a	2
317a	2
382a	2
384a	2
394a	2
402a	2
417a	2
450a	2
530a	2
592a	1
592b	1
619a	2
630a	1
630b	1
647a	2
651a	0
687a	2
717a	1
717b	1
718a	0
765a	2
780a	2
816a	0
816b	0
860a	0
873a	2
873b	1
882a	2
913a	1
913b	1
933a	2
947a	0
947b	0
987a	1
987b	1
988a	2
1039a	1
1102a	2
1170a	2
1177a	0
1178a	1
1178b	1
1190a	0
1190b	0
1192a	0
1232a	2
1236a	1
1236b	1
1237a	2
1241a	2
1266a	0
1266b	0
1302a	2
1333a	0
1333b	0
1390a	2
1396a	2
1400a	2
1410a	2
1412a	0
1443a	2
1469a	1
1469b	1
1470a	2
1487a	1
1487b	1
1493a	0
1495a	0
1495b	0
1503a	1
1503b	1
1506a	2
1525a	2
1584a	0
1608a	1
1608b	1
1628a	2
1676a	2
1690a	0
1690b	0
1703a	0
1703b	0
1711a	2
1754a	0
1807a	2
1811a	2
1839a	0
1847a	2
1861a	2
1881a	0
1964a	0
1964b	0
2001a	0
2001b	0
2019a	2
2058a	0
2089a	1
2089b	1
2096a	2
2130a	2
2157a	2
2166a	0
2166b	0
2221a	2
2221b	1
2229a	1
2231a	1
2231b	1
2284a	0
2286a	0
2362a	2
2364a	0
2366a	2
2385a	2
2392a	1
2392b	1
2402a	2
2404a	1
2404b	1
2405a	0
2410a	2
2430a	0
2476a	0
2476b	0
2485a	2
2525a	2
2527a	2
2535a	1
2544a	2
2557a	0
2557b	0
2566a	0
2662a	2
2668a	2
2678a	0
2679a	1
2687a	1
2687b	1
2704a	0
2704b	0
2712a	1
2712b	1
2720a	2
2720b	1
2721a	2
2722a	0
2722b	0
2726a	2
2738a	2
2772a	0
2772b	0
2791a	0
2791b	0
2795a	0
2812a	2
2822a	2
2829a	0
2842a	2
2886a	1
2886b	1
2898a	0
2911a	1
2911b	1
2932a	2
2936a	2
2967a	0
2967b	0
2968a	1
2968b	1
2996a	2
2996b	1
3002a	2
3036a	1
3036b	1
3061a	1
3061b	1
3122a	0
3123a	1
3123b	1
3174a	2
3181a	1
3222a	1
3222b	1
3250a	0
3250b	0
3275a	0
3275b	0
3291a	2
3292a	2
3322a	2
3338a	1
3338b	1
3364a	0
3364b	0
3373a	0
3373b	0
3384a	0
3384b	0
3398a	2
3459a	0
3485a	2
3501a	0
3501b	0
3505a	2
3518a	2
3536a	0
3536b	0
3586a	2
3586b	0
3598a	0
3625a	1
3625b	1
3626a	0
3626b	0
3657a	0
3657b	0
3661a	2
3670a	0
3670b	0
3680a	1
3680b	1
3711a	1
3711b	1
3721a	0
3721b	0
3733a	2
3747a	1
3790a	0
3790b	0
3812a	0
3812b	0
3855a	2
3861a	2
3862a	2
3897a	1
3897b	1
3909a	0
3910a	2
3922a	1
3922b	1
3941a	1
3982a	2
3996a	2
4001a	0
4006a	0
4006b	0
4011a	0
4011b	0
4015a	0
4031a	2
4054a	0
4060a	2
4066a	0
4067a	1
4079a	0
4079b	0
4086a	1
4086b	1
4114a	1
4114b	1
4135a	0
4140a	2
4155a	1
4155b	1
4157a	1
4157b	1
4164a	1
4164b	1
4187a	2
4187b	2
4191a	2
4196a	2
4288a	0
4321a	1
4321b	1
4330a	1
4330b	1
4342a	0
4360a	0
4376a	2
4376b	2
4411a	2
4429a	2
4477a	2
4505a	0
4638a	2
4650a	1
4650b	1
4661a	0
4707a	2
4734a	0
4734b	0
4755a	2
4767a	1
4767b	1
4776a	1
4776b	1
4803a	1
4803b	1
4814a	0
4816a	1
4816b	1
4823a	2
4831a	1
4831b	1
4843a	1
4843b	1
4851a	0
4851b	0
4852a	1
4852b	1
4866a	2
4891a	2
4916a	0
4934a	2
4963a	0
4963b	0
4966a	1
4966b	1
5003a	0
5030a	0
5030b	0
5047a	2
5051a	1
5051b	1
5052a	2
5082a	2
5110a	0
5110b	0
5113a	0
5113b	0
5119a	2
5148a	1
5148b	1
5203a	0
5203b	0
5206a	2
5310a	1
5310b	1
5349a	0
5352a	1
5352b	1
5374a	0
5374b	0
5454a	1
5454b	1
5461a	1
5461b	1
5498a	0
5540a	2
5588a	0
5588b	0
5657a	2
5698a	2
5706a	1
5745a	2
5747a	2
5799a	0
5799b	0
5806a	0
5904a	0
5909a	2
5914a	0
5914b	0
5920a	2
5924a	1
5924b	1
5930a	2
5938a	2
5955a	2
6001a	2
6005a	2
6042a	2
6047a	0
6047b	0
6078a	2
6119a	2
6131a	2
6146a	1
6146b	1
6153a	2
6158a	2
6213a	1
6219a	0
6228a	2
6231a	1
6231b	1
6280a	0
6280b	0
6287a	0
6315a	0
6330a	2
6344a	0
6358a	1
6358b	1
6394a	2
6396a	1
6450a	2
6482a	2
6482b	2
6544a	1
6590a	2
6592a	2
6598a	2
6625a	2
6634a	0
6634b	0
6649a	0
6649b	0
6673a	2
6705a	0
6705b	0
6709a	2
6729a	2
6740a	2
6756a	0
6756b	0
6764a	1
6784a	1
6784b	1
6849a	2
6866a	1
6912a	2
6932a	0
6955a	2
6971a	1
6971b	1
7002a	2
7007a	1
7007b	1
7018a	0
7018b	0
7027a	2
7043a	2
7044a	2
7064a	0
7064b	0
7088a	2
7093a	0
7093b	0
7214a	1
7214b	1
7228a	1
7311a	0
7311b	0
7319a	2
7356a	2
7363a	2
7374a	2
7394a	2
7445a	0
7445b	0
7448a	2
7464a	2
7466a	0
7466b	0
7471a	0
7475a	2
7477a	0
7477b	0
7501a	2
7533a	2
7541a	2
7544a	2
7546a	0
7546b	0
7548a	0
7548b	0
7582a	0
7590a	2
7649a	1
7649b	1
7667a	1
7667b	1
7677a	0
7718a	1
7718b	1
7720a	1
7726a	2
7734a	2
7743a	2
7772a	1
7772b	1
7795a	0
7795b	0
7820a	2
7877a	2
7889a	0
7932a	2
7937a	1
7937b	1
7938a	2
7950a	2
7997a	1
8057a	0
8057b	0
8122a	2
8138a	0
8141a	2
8163a	0
8163b	0
8193a	1
8193b	1
8212a	2
8220a	2
8313a	2
8326a	1
8326b	1
8334a	0
8343a	0
8362a	2
8375a	2
8383a	2
8389a	1
8389b	1
8461a	1
8461b	1
8471a	0
8500a	2
8505a	2
8548a	2
8558a	2
8576a	0
8632a	1
8632b	1
8633a	0
8633b	0
8658a	2
8660a	0
8678a	0
8678b	0
8700a	2
8714a	0
8806a	0
8832a	1
8832b	1
8841a	1
8841b	1
8855a	2
8855b	2
8938a	2
8963a	2
8986a	0
9014a	1
9014b	1
9029a	2
9036a	2
9056a	2
9069a	0
9093a	2
9102a	2
9125a	2
9132a	0
9132b	0
9136a	0
9169a	2
9188a	2
9198a	2
9200a	2
9211a	2
9224a	2
9242a	2
9287a	2
9303a	0
9303b	0
9314a	2
9336a	2
9359a	0
9359b	0
9371a	2
9401a	2
9433a	0
9490a	1
9490b	1
9500a	2
9545a	2
9571a	0
9584a	0
9584b	0
9623a	1
9623b	1
9669a	0
9669b	0
9677a	2
9706a	1
9706b	1
9713a	2
9713b	0
9722a	2
9745a	0
9747a	0
9747b	0
9759a	2
9763a	2
9771a	2
9788a	2
9789a	2
9822a	2
9838a	2
9843a	2
9869a	2
9880a	2
9931a	2
9963a	2
9975a	2
9988a	2
1a	2
2a	1
3a	0
5a	2
9a	2
12a	2
14a	2
18a	2
25a	1
26a	2
28a	2
30a	0
30b	0
40a	2
42a	1
42b	1
44a	0
45a	1
47a	2
49a	2
55a	0
56a	1
58a	2
62a	2
70a	2
73a	2
77a	2
78a	2
78b	2
79a	2
81a	2
82a	2
83a	2
84a	2
85a	2
87a	0
87b	0
88a	1
88b	1
90a	1
90b	1
91a	2
93a	2
94a	2
97a	2
98a	0
98b	0
99a	2
100a	0
107a	0
112a	2
113a	2
117a	2
120a	0
122a	1
122b	1
124a	2
126a	2
127a	2
129a	0
130a	1
131a	2
133a	2
136a	2
139a	2
140a	0
140b	0
141a	1
141b	1
146a	2
148a	2
150a	1
150b	1
159a	1
159b	1
161a	1
161b	1
163a	1
164a	0
170a	1
173a	2
176a	1
184a	2
188a	2
192a	1
192b	1
194a	1
194b	1
200a	0
201a	1
201b	1
202a	0
202b	0
205a	2
215a	2
216a	2
217a	2
223a	2
224a	2
226a	2
227a	2
232a	1
232b	1
233a	0
233b	0
234a	2
237a	2
238a	2
240a	0
240b	0
241a	2
248a	2
249a	2
254a	1
254b	1
256a	1
256b	1
257a	2
258a	2
259a	2
260a	2
265a	0
266a	1
266b	1
269a	2
272a	2
273a	0
276a	1
276b	1
277a	2
279a	2
283a	1
283b	1
286a	2
287a	2
289a	2
291a	2
293a	0
296a	2
301a	1
301b	1
302a	2
302b	0
303a	0
303b	0
305a	0
309a	2
310a	0
311a	0
312a	1
312b	1
313a	0
313b	0
323a	2
323b	1
327a	2
329a	2
331a	0
332a	2
333a	0
335a	2
338a	2
339a	0
340a	0
341a	1
341b	1
344a	1
344b	1
346a	2
347a	2
351a	0
351b	0
354a	0
358a	0
360a	2
361a	0
362a	0
363a	1
363b	1
366a	2
367a	2
370a	2
372a	1
372b	1
373a	0
374a	2
377a	2
379a	2
380a	2
381a	2
387a	2
390a	0
391a	0
391b	0
393a	2
395a	1
395b	1
396a	2
397a	1
398a	2
403a	2
404a	0
404b	0
409a	2
410a	0
413a	2
415a	2
422a	0
423a	1
423b	1
427a	2
428a	1
434a	2
435a	2
436a	2
438a	2
439a	2
440a	2
441a	2
446a	2
447a	2
451a	2
454a	1
454b	1
457a	2
461a	2
462a	2
465a	0
465b	0
470a	2
473a	0
475a	2
476a	1
476b	1
477a	2
484a	2
485a	2
485b	2
486a	2
494a	0
494b	0
500a	2
505a	0
505b	0
506a	1
506b	1
507a	1
508a	2
513a	2
514a	2
515a	2
516a	2
522a	2
524a	2
527a	2
528a	0
528b	0
529a	1
529b	1
531a	0
531b	0
535a	2
538a	2
541a	0
541b	0
542a	1
542b	1
545a	1
545b	1
548a	2
550a	2
551a	2
552a	2
555a	1
555b	1
556a	2
557a	0
557b	0
560a	2
561a	2
564a	2
565a	2
568a	2
570a	0
570b	0
581a	2
586a	2
587a	0
588a	2
597a	2
599a	2
601a	1
603a	0
603b	0
604a	1
604b	1
606a	2
609a	2
611a	2
617a	1
621a	2
622a	1
625a	2
626a	0
626b	0
629a	0
629b	0
632a	2
638a	2
643a	2
645a	0
646a	2
648a	0
649a	2
653a	1
653b	1
655a	0
655b	0
657a	2
660a	2
661a	2
663a	2
668a	1
668b	1
671a	2
672a	2
676a	0
676b	0
678a	0
679a	0
680a	1
680b	1
685a	0
690a	2
691a	2
692a	0
692b	0
693a	1
693b	1
696a	2
697a	2
699a	2
702a	0
702b	0
703a	1
703b	1
709a	2
715a	2
722a	2
723a	2
725a	2
727a	1
727b	1
729a	0
729b	0
730a	1
730b	1
731a	2
732a	2
733a	2
734a	2
734b	1
736a	2
737a	0
737b	0
738a	1
738b	1
745a	2
746a	1
747a	2
748a	2
748b	1
749a	2
752a	0
752b	0
754a	2
757a	2
757b	1
760a	2
762a	0
764a	2
766a	2
769a	2
772a	0
774a	0
774b	0
777a	2
783a	2
784a	2
785a	1
785b	1
789a	2
791a	2
791b	1
792a	2
793a	2
796a	0
797a	1
797b	1
799a	2
802a	2
804a	2
811a	2
812a	2
813a	2
820a	2
822a	2
824a	2
825a	2
830a	0
831a	1
831b	1
836a	2
841a	2
844a	2
846a	2
851a	2
852a	2
855a	2
857a	1
858a	0
859a	1
859b	1
862a	0
864a	1
864b	1
866a	2
867a	0
867b	0
868a	1
868b	1
869a	2
870a	0
872a	2
874a	1
874b	1
876a	0
878a	1
879a	2
880a	0
880b	0
881a	1
881b	1
883a	2
887a	2
888a	2
889a	2
892a	0
892b	0
898a	0
902a	0
906a	2
908a	2
909a	2
909b	1
910a	2
915a	2
917a	2
920a	2
922a	2
927a	1
927b	1
931a	2
935a	1
936a	2
940a	2
943a	2
944a	2
945a	2
948a	1
949a	2
950a	0
950b	0
953a	0
956a	0
957a	2
959a	0
960a	0
960b	0
961a	2
963a	0
967a	1
970a	2
973a	0
973b	0
975a	2
978a	2
979a	2
984a	2
985a	2
989a	0
989b	0
991a	2
994a	2
996a	2
998a	2
1000a	1
1000b	1
1002a	1
1002b	1
1004a	2
1007a	2
1018a	2
1019a	2
1021a	0
1021b	0
1022a	1
1022b	1
1026a	2
1028a	2
1029a	2
1031a	2
1033a	2
1037a	2
1038a	0
1043a	2
1044a	0
1045a	0
1045b	0
1047a	2
1048a	0
1049a	2
1050a	2
1052a	2
1053a	2
1054a	2
1057a	2
1061a	0
1064a	2
1065a	1
1065b	1
1068a	2
1069a	0
1074a	1
1074b	1
1076a	2
1080a	2
1082a	0
1082b	0
1083a	1
1083b	1
1084a	2
1087a	2
1090a	2
1091a	2
1092a	2
1092b	1
1093a	2
1094a	2
1097a	2
1099a	1
1099b	1
1104a	2
1105a	2
1109a	0
1109b	0
1111a	2
1112a	2
1115a	2
1122a	1
1122b	1
1129a	0
1133a	2
1135a	2
1145a	2
1147a	2
1149a	1
1149b	1
1153a	2
1154a	2
1155a	2
1155b	2
1157a	0
1161a	2
1162a	2
1165a	0
1167a	1
1167b	1
1169a	1
1169b	1
1175a	2
1179a	2
1180a	2
1182a	2
1184a	0
1188a	0
1191a	2
1193a	0
1193b	0
1194a	1
1194b	1
1195a	0
1195b	0
1200a	2
1200b	2
1202a	2
1205a	2
1206a	0
1206b	0
1207a	1
1207b	1
1212a	2
1213a	2
1214a	2
1214b	1
1215a	2
1219a	2
1221a	2
1222a	2
1222b	1
1227a	1
1227b	1
1228a	2
1230a	2
1239a	2
1240a	2
1242a	0
1242b	0
1244a	2
1246a	2
1248a	2
1249a	2
1251a	0
1251b	0
1255a	2
1259a	2
1268a	0
1268b	0
1270a	1
1270b	1
1271a	2
1273a	2
1274a	2
1275a	2
1276a	2
1280a	0
1282a	2
1283a	2
1284a	2
1287a	0
1291a	2
1292a	2
1293a	2
1294a	2
1294b	1
1297a	1
1297b	1
1303a	2
1305a	2
1308a	2
1311a	0
1311b	0
1317a	2
1318a	0
1319a	1
1319b	1
1321a	0
1326a	2
1328a	2
1329a	2
1335a	0
1336a	2
1341a	1
1341b	1
1342a	0
1342b	2
1344a	2
1345a	2
1345b	2
1346a	2
1350a	1
1350b	1
1352a	1
1352b	1
1354a	2
1354b	1
1355a	2
1358a	0
1359a	2
1361a	1
1361b	1
1365a	2
1371a	2
1372a	1
1372b	1
1373a	0
1376a	0
1378a	0
1378b	0
1379a	1
1379b	1
1380a	2
1381a	1
1381b	1
1384a	0
1385a	0
1386a	1
1386b	1
1387a	0
1388a	2
1388b	2
1389a	2
1399a	2
1403a	0
1403b	0
1404a	0
1405a	0
1407a	2
1408a	2
1409a	2
1414a	0
1414b	0
1415a	1
1415b	1
1417a	1
1417b	1
1419a	2
1421a	2
1427a	2
1429a	2
1431a	1
1431b	1
1432a	2
1434a	2
1435a	2
1438a	2
1444a	2
1446a	2
1448a	0
1448b	0
1453a	2
1455a	2
1458a	1
1458b	1
1461a	2
1463a	2
1464a	2
1466a	0
1467a	1
1467b	1
1473a	2
1474a	2
1476a	1
1479a	2
1480a	1
1480b	1
1481a	0
1482a	1
1482b	1
1483a	0
1484a	0
1484b	0
1486a	2
1488a	2
1489a	2
1494a	1
1494b	1
1498a	1
1498b	1
1499a	0
1501a	0
1501b	0
1504a	0
1505a	2
1509a	2
1511a	0
1513a	0
1513b	0
1514a	1
1514b	1
1517a	2
1519a	2
1521a	1
1521b	1
1523a	2
1524a	2
1527a	2
1531a	0
1534a	2
1535a	2
1536a	2
1541a	1
1541b	1
1545a	2
1547a	0
1549a	0
1550a	2
1551a	2
1552a	2
1553a	2
1557a	1
1558a	0
1558b	0
1559a	1
1563a	2
1565a	0
1566a	1
1566b	1
1570a	2
1573a	2
1574a	2
1575a	2
1580a	0
1580b	0
1582a	0
1585a	1
1586a	0
1587a	0
1587b	0
1588a	1
1588b	1
1591a	2
1592a	2
1595a	2
1599a	1
1599b	1
1601a	0
1604a	0
1604b	0
1606a	0
1606b	0
1607a	0
1607b	0
1610a	0
1610b	0
1612a	0
1614a	0
1615a	1
1615b	1
1618a	0
1618b	0
1621a	1
1621b	1
1625a	2
1626a	2
1627a	0
1631a	1
1631b	1
1639a	2
1640a	0
1641a	1
1641b	1
1643a	0
1643b	0
1646a	0
1646b	0
1647a	1
1648a	0
1649a	0
1650a	1
1652a	0
1653a	0
1655a	2
1657a	1
1657b	1
1659a	1
1659b	1
1660a	0
1661a	1
1661b	1
1663a	0
1663b	0
1668a	1
1668b	1
1669a	0
1670a	2
1671a	2
1673a	2
1675a	2
1677a	0
1680a	0
1680b	0
1682a	2
1687a	1
1687b	1
1691a	1
1691b	1
1694a	1
1694b	1
1697a	2
1700a	1
1700b	1
1702a	0
1705a	0
1705b	0
1706a	2
1707a	2
1708a	2
1712a	0
1712b	0
1714a	2
1715a	0
1715b	0
1716a	1
1716b	1
1719a	0
1721a	2
1723a	0
1724a	1
1724b	1
1729a	2
1733a	2
1736a	0
1736b	0
1741a	2
1747a	1
1747b	1
1753a	0
1755a	1
1755b	1
1756a	1
1757a	0
1759a	2
1765a	0
1765b	0
1766a	1
1766b	1
1771a	0
1772a	2
1773a	2
1776a	2
1777a	2
1780a	0
1780b	0
1781a	1
1781b	1
1782a	1
1782b	1
1783a	0
1784a	1
1784b	1
1787a	2
1789a	0
1789b	0
1792a	0
1798a	0
1808a	2
1809a	2
1812a	2
1814a	1
1814b	1
1815a	2
1818a	2
1820a	2
1822a	2
1823a	1
1825a	2
1829a	0
1829b	0
1830a	1
1830b	1
1832a	2
1840a	2
1841a	2
1842a	0
1844a	2
1846a	2
1849a	2
1851a	1
1851b	1
1853a	2
1866a	1
1866b	1
1869a	1
1869b	1
1873a	2
1874a	0
1876a	1
1876b	1
1878a	0
1879a	1
1882a	2
1884a	0
1886a	1
1886b	1
1887a	2
1888a	0
1888b	0
1892a	2
1894a	2
1897a	2
1898a	0
1904a	2
1907a	2
1909a	0
1910a	1
1910b	1
1912a	0
1918a	2
1919a	2
1921a	2
1927a	2
1934a	2
1935a	0
1935b	0
1936a	1
1936b	1
1939a	2
1940a	2
1942a	2
1943a	2
1946a	0
1948a	2
1949a	2
1954a	1
1954b	1
1955a	2
1961a	2
1963a	2
1967a	0
1969a	0
1970a	0
1972a	0
1974a	1
1974b	1
1975a	2
1978a	1
1978b	1
1981a	1
1981b	1
1984a	2
1987a	2
1988a	0
1988b	0
1989a	1
1989b	1
1991a	0
1991b	0
1992a	1
1992b	1
1993a	2
1994a	2
1996a	2
2000a	2
2004a	0
2004b	0
2005a	1
2006a	2
2007a	2
2008a	2
2009a	2
2011a	2
2012a	2
2014a	0
2015a	1
2015b	1
2016a	2
2016b	2
2018a	1
2018b	1
2020a	2
2023a	2
2024a	2
2025a	2
2027a	0
2029a	2
2030a	0
2035a	2
2037a	2
2038a	2
2040a	0
2041a	1
2041b	1
2045a	2
2047a	2
2049a	2
2052a	2
2055a	2
2056a	0
2059a	1
2059b	1
2061a	1
2064a	0
2064b	0
2066a	2
2067a	0
2067b	0
2072a	2
2073a	2
2075a	0
2075b	0
2076a	2
2078a	0
2078b	0
2079a	1
2079b	1
2080a	2
2081a	2
2082a	2
2084a	0
2086a	2
2087a	0
2088a	0
2088b	0
2090a	2
2091a	0
2092a	1
2092b	1
2094a	2
2097a	2
2098a	2
2100a	2
2102a	1
2102b	1
2103a	2
2104a	0
2105a	2
2107a	2
2109a	2
2112a	2
2113a	2
2115a	1
2115b	1
2117a	0
2117b	0
2118a	1
2118b	1
2119a	2
2121a	2
2121b	1
2122a	2
2123a	2
2124a	1
2125a	2
2132a	2
2139a	0
2139b	0
2141a	2
2144a	2
2145a	2
2146a	2
2148a	2
2150a	2
2163a	2
2164a	0
2164b	0
2165a	1
2165b	1
2167a	1
2167b	1
2170a	0
2170b	0
2171a	0
2171b	0
2172a	1
2172b	1
2175a	1
2175b	1
2176a	0
2179a	1
2179b	1
2180a	2
2181a	0
2183a	2
2184a	0
2184b	0
2188a	0
2192a	1
2195a	1
2195b	1
2196a	2
2198a	2
2199a	2
2202a	0
2202b	0
2203a	2
2205a	0
2205b	0
2207a	1
2208a	2
2210a	2
2212a	2
2212b	1
2213a	2
2215a	0
2215b	0
2217a	2
2218a	0
2222a	0
2226a	0
2228a	0
2232a	2
2233a	1
2233b	1
2234a	0
2235a	0
2235b	0
2236a	1
2238a	1
2238b	1
2239a	2
2240a	0
2242a	2
2243a	0
2247a	1
2247b	1
2250a	0
2250b	0
2251a	1
2251b	1
2252a	0
2253a	1
2253b	1
2259a	2
2260a	2
2261a	2
2263a	2
2266a	0
2272a	0
2274a	2
2275a	0
2275b	0
2277a	2
2281a	0
2282a	0
2282b	0
2287a	1
2287b	1
2288a	0
2288b	0
2289a	1
2289b	1
2291a	0
2291b	0
2297a	0
2299a	0
2302a	0
2303a	1
2303b	1
2304a	2
2305a	2
2307a	2
2308a	2
2309a	0
2309b	0
2310a	1
2310b	1
2311a	0
2315a	0
2316a	1
2318a	0
2319a	2
2319b	1
2322a	0
2327a	2
2329a	1
2329b	1
2330a	2
2332a	2
2338a	1
2338b	1
2339a	2
2340a	0
2341a	2
2344a	1
2344b	1
2350a	1
2350b	1
2351a	2
2352a	2
2358a	2
2358b	2
2359a	2
2360a	0
2363a	1
2363b	1
2365a	2
2368a	0
2368b	0
2374a	0
2375a	1
2375b	1
2377a	0
2377b	0
2381a	2
2383a	2
2386a	2
2388a	2
2391a	0
2397a	0
2397b	0
2400a	2
2401a	0
2407a	2
2409a	1
2409b	1
2413a	2
2414a	2
2415a	0
2415b	0
2422a	2
2423a	1
2423b	1
2426a	2
2429a	1
2429b	1
2431a	2
2436a	2
2440a	0
2440b	0
2447a	1
2447b	1
2450a	1
2450b	1
2455a	2
2456a	1
2457a	2
2458a	2
2459a	0
2465a	0
2466a	2
2467a	0
2472a	0
2472b	0
2474a	0
2474b	0
2486a	0
2486b	0
2491a	2
2495a	0
2496a	2
2497a	2
2499a	1
2499b	1
2500a	2
2505a	2
2506a	0
2508a	2
2509a	0
2509b	0
2510a	1
2510b	1
2514a	2
2515a	2
2518a	1
2518b	1
2521a	2
2529a	1
2529b	1
2530a	0
2530b	0
2538a	1
2538b	1
2539a	0
2540a	1
2540b	1
2543a	2
2545a	0
2549a	1
2549b	1
2551a	1
2551b	1
2553a	2
2554a	0
2555a	0
2555b	0
2561a	0
2569a	2
2572a	2
2574a	1
2574b	1
2577a	0
2578a	1
2578b	1
2579a	0
2582a	0
2583a	2
2588a	0
2589a	2
2589b	2
2590a	0
2591a	0
2591b	0
2592a	2
2593a	0
2593b	0
2594a	1
2596a	2
2597a	1
2599a	2
2601a	2
2615a	0
2619a	2
2623a	2
2625a	0
2625b	0
2626a	1
2626b	1
2627a	0
2627b	0
2628a	1
2628b	1
2630a	2
2632a	0
2632b	0
2634a	2
2636a	2
2637a	2
2638a	0
2640a	2
2643a	0
2650a	2
2651a	2
2654a	1
2654b	1
2655a	0
2656a	1
2656b	1
2657a	2
2660a	2
2664a	0
2664b	0
2666a	0
2670a	2
2672a	2
2673a	0
2673b	0
2675a	0
2680a	2
2682a	1
2684a	0
2684b	0
2688a	2
2689a	2
2691a	2
2692a	2
2696a	1
2696b	1
2701a	0
2702a	0
2702b	0
2703a	1
2703b	1
2705a	2
2707a	2
2708a	0
2709a	1
2709b	1
2710a	0
2711a	0
2711b	0
2713a	0
2714a	1
2714b	1
2715a	2
2716a	2
2718a	2
2724a	0
2728a	2
2730a	2
2730b	1
2731a	2
2734a	1
2735a	0
2735b	0
2739a	2
2741a	2
2744a	0
2744b	0
2748a	0
2751a	0
2751b	0
2752a	2
2754a	1
2754b	1
2755a	2
2756a	1
2756b	1
2757a	2
2757b	0
2758a	2
2758b	1
2761a	1
2761b	1
2764a	2
2765a	2
2770a	1
2770b	1
2774a	0
2775a	2
2776a	0
2777a	2
2777b	2
2778a	2
2779a	0
2783a	1
2783b	1
2784a	0
2787a	2
2788a	0
2789a	0
2792a	1
2792b	1
2797a	0
2799a	2
2800a	0
2800b	0
2802a	2
2803a	2
2807a	0
2807b	0
2809a	0
2809b	0
2811a	2
2813a	2
2815a	2
2817a	1
2817b	1
2818a	0
2821a	2
2827a	0
2827b	0
2828a	1
2828b	1
2837a	1
2837b	1
2838a	0
2838b	0
2839a	2
2844a	0
2845a	0
2845b	0
2851a	0
2853a	0
2854a	0
2854b	0
2856a	0
2857a	1
2860a	2
2861a	2
2862a	2
2862b	2
2863a	0
2864a	1
2864b	1
2865a	0
2865b	0
2867a	2
2868a	0
2870a	1
2874a	0
2874b	0
2875a	1
2875b	1
2879a	1
2879b	1
2881a	0
2883a	0
2883b	0
2890a	0
2890b	0
2891a	1
2891b	1
2894a	0
2896a	0
2899a	0
2900a	2
2903a	0
2903b	0
2905a	0
2907a	0
2907b	0
2908a	0
2908b	0
2909a	1
2909b	1
2910a	0
2913a	2
2915a	1
2916a	2
2917a	0
2917b	0
2918a	2
2919a	0
2920a	1
2920b	1
2924a	2
2926a	0
2926b	0
2930a	2
2933a	2
2935a	0
2935b	0
2937a	0
2937b	0
2938a	1
2938b	1
2939a	0
2941a	1
2941b	1
2943a	2
2945a	2
2951a	1
2952a	0
2955a	0
2955b	0
2957a	0
2958a	1
2958b	1
2959a	0
2960a	2
2960b	2
2961a	0
2971a	0
2971b	0
2976a	1
2977a	0
2980a	2
2981a	2
2983a	2
2984a	2
2988a	0
2989a	2
2992a	2
2994a	0
2997a	0
2997b	0
2998a	1
2998b	1
3005a	1
3005b	1
3007a	1
3007b	1
3010a	2
3014a	2
3015a	0
3015b	0
3016a	2
3018a	2
3018b	1
3019a	2
3022a	2
3024a	0
3038a	2
3039a	0
3042a	0
3043a	2
3043b	2
3046a	2
3047a	0
3049a	2
3050a	2
3054a	1
3054b	1
3059a	2
3059b	0
3065a	0
3068a	2
3071a	0
3071b	0
3072a	1
3072b	1
3073a	0
3073b	0
3079a	0
3079b	0
3081a	2
3085a	2
3091a	0
3092a	1
3092b	1
3094a	2
3097a	1
3102a	2
3110a	1
3110b	1
3111a	0
3114a	1
3114b	1
3121a	1
3121b	1
3126a	0
3129a	0
3129b	0
3130a	2
3132a	2
3134a	2
3150a	2
3153a	2
3156a	0
3156b	0
3157a	1
3157b	1
3158a	0
3158b	0
3161a	2
3162a	2
3164a	2
3165a	2
3165b	2
3166a	2
3170a	1
3170b	1
3182a	0
3187a	0
3188a	2
3192a	2
3200a	0
3201a	2
3201b	1
3202a	0
3203a	0
3203b	0
3208a	1
3208b	1
3213a	2
3214a	0
3214b	0
3217a	1
3217b	1
3218a	0
3221a	0
3223a	0
3223b	0
3224a	2
3227a	2
3228a	2
3232a	2
3242a	1
3243a	0
3248a	0
3248b	0
3252a	2
3253a	2
3254a	2
3255a	2
3256a	2
3257a	0
3257b	0
3260a	2
3261a	0
3261b	0
3264a	1
3264b	1
3272a	0
3273a	1
3273b	1
3277a	0
3277b	0
3278a	1
3278b	1
3280a	0
3281a	2
3283a	0
3285a	0
3286a	2
3287a	1
3287b	1
3288a	0
3288b	0
3294a	2
3298a	0
3299a	1
3299b	1
3303a	2
3304a	0
3311a	2
3313a	2
3314a	0
3316a	1
3316b	1
3319a	2
3319b	2
3321a	2
3324a	1
3324b	1
3325a	0
3327a	1
3329a	1
3329b	1
3330a	2
3332a	2
3336a	2
3340a	2
3344a	0
3345a	2
3346a	2
3347a	1
3347b	1
3349a	2
3351a	2
3353a	1
3353b	1
3359a	0
3359b	0
3366a	0
3366b	0
3367a	1
3367b	1
3368a	0
3369a	2
3370a	0
3371a	2
3372a	0
3374a	1
3374b	1
3375a	2
3376a	0
3378a	2
3382a	2
3385a	1
3385b	1
3386a	0
3386b	0
3389a	1
3389b	1
3395a	0
3395b	0
3396a	1
3396b	1
3397a	2
3400a	1
3400b	1
3405a	1
3405b	0
3407a	0
3411a	0
3411b	0
3412a	2
3414a	0
3416a	2
3418a	2
3422a	0
3422b	0
3424a	2
3426a	2
3426b	2
3427a	2
3428a	2
3429a	2
3432a	2
3436a	1
3440a	1
3440b	1
3443a	2
3444a	0
3444b	0
3448a	2
3451a	0
3451b	0
3452a	1
3452b	1
3453a	0
3453b	0
3454a	1
3454b	1
3462a	0
3471a	0
3471b	0
3472a	1
3472b	1
3479a	2
3480a	0
3480b	0
3484a	1
3484b	1
3486a	2
3487a	1
3488a	2
3491a	2
3492a	2
3500a	2
3504a	0
3504b	0
3507a	1
3507b	1
3508a	2
3508b	0
3510a	0
3511a	2
3512a	2
3512b	0
3514a	1
3514b	1
3516a	1
3516b	1
3517a	2
3528a	2
3529a	2
3530a	0
3533a	0
3533b	0
3534a	2
3537a	1
3537b	1
3538a	2
3539a	1
3541a	2
3543a	2
3544a	0
3544b	0
3548a	2
3549a	2
3552a	2
3554a	1
3554b	1
3556a	1
3556b	1
3561a	0
3565a	1
3565b	1
3566a	2
3567a	0
3567b	0
3568a	1
3568b	1
3569a	2
3569b	0
3571a	0
3571b	2
3572a	2
3572b	2
3574a	0
3576a	1
3577a	0
3579a	2
3579b	2
3580a	2
3582a	2
3584a	0
3584b	0
3589a	1
3592a	0
3592b	0
3602a	2
3602b	1
3603a	0
3607a	1
3607b	1
3611a	2
3614a	2
3623a	0
3624a	0
3627a	1
3627b	1
3629a	0
3630a	2
3630b	1
3633a	2
3633b	1
3635a	0
3638a	1
3638b	1
3639a	2
3640a	2
3643a	2
3647a	0
3647b	0
3649a	2
3650a	2
3651a	2
3653a	2
3658a	1
3658b	1
3666a	0
3668a	0
3669a	1
3669b	1
3672a	2
3673a	2
3682a	2
3684a	2
3685a	2
3686a	2
3687a	2
3689a	1
3689b	1
3690a	2
3690b	2
3691a	0
3692a	1
3692b	1
3693a	0
3694a	1
3694b	1
3695a	0
3695b	0
3696a	1
3696b	1
3697a	2
3699a	0
3699b	0
3701a	0
3701b	0
3702a	1
3702b	1
3703a	0
3705a	0
3707a	0
3710a	0
3710b	0
3719a	0
3719b	0
3720a	1
3720b	1
3725a	2
3725b	2
3727a	2
3728a	2
3736a	2
3737a	2
3739a	2
3740a	2
3742a	1
3742b	2
3743a	0
3743b	0
3746a	2
3748a	2
3750a	0
3750b	0
3751a	1
3751b	1
3752a	0
3752b	0
3753a	2
3755a	2
3756a	0
3758a	2
3758b	0
3761a	0
3761b	0
3762a	1
3765a	0
3766a	1
3766b	1
3770a	0
3770b	0
3774a	0
3774b	0
3776a	0
3776b	0
3777a	0
3777b	0
3779a	0
3780a	0
3781a	2
3783a	2
3784a	2
3785a	2
3788a	2
3789a	2
3795a	0
3797a	2
3799a	2
3800a	0
3801a	0
3801b	0
3803a	2
3804a	0
3805a	2
3807a	2
3809a	2
3814a	2
3820a	2
3820b	2
3821a	2
3823a	0
3825a	0
3825b	0
3826a	1
3827a	0
3827b	0
3828a	1
3831a	0
3831b	0
3834a	0
3836a	0
3836b	0
3838a	2
3839a	0
3840a	0
3856a	0
3856b	0
3857a	1
3857b	1
3860a	2
3864a	2
3866a	2
3868a	2
3869a	2
3870a	2
3871a	2
3872a	2
3873a	0
3874a	2
3885a	0
3885b	0
3886a	1
3886b	1
3887a	0
3892a	2
3893a	2
3895a	2
3898a	2
3899a	2
3901a	2
3904a	2
3905a	0
3908a	2
3912a	0
3912b	0
3914a	0
3915a	1
3915b	1
3917a	2
3920a	0
3921a	2
3924a	0
3924b	0
3930a	2
3934a	0
3934b	0
3935a	1
3935b	1
3936a	0
3938a	0
3939a	2
3939b	2
3940a	0
3940b	0
3942a	0
3942b	0
3943a	0
3943b	0
3947a	0
3948a	1
3948b	1
3949a	0
3949b	0
3951a	0
3955a	1
3955b	1
3957a	0
3958a	2
3961a	1
3970a	2
3972a	0
3973a	1
3973b	1
3976a	0
3980a	0
3985a	2
3986a	2
3987a	2
3990a	0
3992a	0
3994a	2
3995a	2
3998a	2
3999a	2
4002a	2
4004a	0
4004b	0
4007a	2
4007b	2
4012a	2
4013a	1
4013b	1
4014a	2
4017a	1
4017b	1
4020a	1
4021a	0
4028a	1
4028b	1
4033a	2
4034a	2
4036a	0
4036b	0
4037a	1
4037b	1
4038a	0
4038b	0
4040a	2
4041a	2
4043a	1
4043b	1
4045a	0
4046a	2
4046b	2
4047a	0
4049a	0
4050a	1
4056a	0
4056b	0
4058a	2
4061a	2
4062a	2
4063a	0
4063b	0
4065a	2
4068a	2
4069a	2
4071a	2
4072a	2
4074a	0
4074b	0
4076a	0
4076b	0
4083a	1
4084a	0
4084b	0
4085a	0
4085b	0
4087a	2
4088a	2
4088b	2
4090a	0
4094a	0
4100a	0
4100b	0
4102a	2
4105a	2
4108a	1
4108b	1
4109a	0
4109b	0
4112a	2
4113a	0
4115a	0
4117a	1
4117b	1
4118a	0
4118b	0
4119a	1
4119b	1
4120a	1
4120b	1
4123a	2
4125a	2
4125b	1
4126a	2
4127a	0
4127b	0
4132a	1
4134a	1
4134b	1
4136a	0
4137a	1
4137b	1
4141a	2
4142a	2
4145a	0
4147a	0
4147b	0
4148a	1
4148b	1
4149a	2
4152a	2
4154a	0
4154b	0
4162a	2
4163a	0
4163b	0
4165a	0
4165b	0
4168a	2
4173a	1
4173b	1
4174a	0
4174b	0
4176a	0
4178a	0
4179a	1
4179b	1
4181a	0
4183a	2
4183b	0
4185a	2
4193a	1
4193b	1
4194a	0
4195a	1
4195b	1
4197a	2
4199a	2
4202a	1
4202b	1
4205a	0
4205b	0
4207a	0
4209a	0
4212a	0
4213a	2
4214a	2
4216a	2
4219a	0
4220a	1
4220b	1
4221a	0
4223a	2
4228a	0
4228b	0
4231a	1
4231b	1
4232a	2
4235a	2
4236a	2
4238a	1
4238b	1
4242a	2
4244a	2
4246a	0
4246b	0
4247a	1
4247b	1
4248a	2
4251a	2
4252a	1
4252b	1
4253a	2
4254a	0
4257a	0
4257b	0
4259a	0
4260a	1
4260b	1
4265a	2
4266a	0
4266b	0
4267a	1
4267b	1
4269a	1
4269b	1
4272a	0
4274a	0
4274b	0
4275a	0
4277a	0
4277b	0
4279a	0
4280a	0
4282a	1
4282b	1
4283a	0
4284a	0
4287a	1
4287b	1
4289a	2
4290a	0
4291a	1
4295a	0
4301a	0
4301b	0
4304a	0
4305a	1
4305b	1
4306a	2
4307a	2
4308a	2
4312a	1
4312b	1
4315a	2
4316a	2
4318a	2
4320a	0
4322a	2
4323a	2
4325a	2
4328a	2
4329a	0
4338a	2
4339a	2
4340a	2
4341a	2
4344a	0
4344b	0
4346a	2
4347a	2
4348a	2
4349a	2
4350a	2
4351a	0
4354a	1
4354b	1
4357a	2
4359a	2
4361a	1
4361b	1
4363a	2
4364a	1
4364b	1
4365a	2
4369a	2
4370a	2
4377a	2
4378a	2
4379a	2
4382a	0
4382b	0
4387a	1
4387b	1
4390a	1
4390b	1
4392a	2
4393a	0
4394a	0
4395a	0
4396a	1
4398a	0
4398b	0
4401a	1
4401b	1
4407a	0
4407b	0
4408a	1
4408b	1
4410a	1
4410b	1
4412a	2
4414a	2
4417a	1
4417b	1
4418a	0
4418b	0
4426a	1
4426b	1
4431a	2
4432a	2
4439a	2
4440a	2
4442a	2
4443a	0
4445a	2
4446a	1
4446b	1
4447a	2
4454a	2
4457a	1
4458a	0
4464a	2
4468a	2
4469a	2
4471a	1
4472a	0
4472b	0
4473a	1
4473b	1
4481a	0
4481b	0
4486a	2
4487a	2
4490a	0
4497a	2
4498a	1
4498b	1
4501a	0
4503a	2
4503b	1
4507a	0
4509a	1
4509b	1
4511a	1
4511b	1
4513a	2
4514a	2
4515a	2
4516a	2
4522a	2
4523a	2
4524a	2
4525a	2
4529a	1
4529b	1
4534a	2
4540a	1
4540b	1
4541a	2
4549a	2
4551a	1
4553a	0
4553b	0
4556a	1
4556b	1
4558a	1
4559a	2
4562a	0
4562b	0
4564a	0
4565a	1
4565b	1
4567a	1
4569a	1
4569b	1
4570a	0
4573a	0
4574a	1
4574b	1
4579a	2
4580a	0
4580b	0
4590a	1
4590b	1
4595a	2
4596a	2
4597a	2
4601a	1
4601b	1
4606a	0
4611a	0
4616a	0
4617a	1
4617b	1
4619a	1
4619b	1
4626a	1
4626b	1
4630a	2
4632a	2
4633a	2
4634a	0
4634b	0
4635a	1
4635b	1
4636a	0
4636b	0
4643a	0
4643b	0
4644a	1
4644b	1
4646a	2
4648a	2
4651a	0
4652a	0
4652b	0
4653a	1
4653b	1
4656a	2
4659a	2
4660a	2
4662a	1
4662b	1
4663a	0
4663b	0
4664a	1
4664b	1
4665a	2
4666a	2
4668a	2
4669a	2
4671a	1
4671b	1
4673a	0
4674a	1
4674b	1
4679a	2
4680a	0
4683a	0
4685a	2
4686a	2
4687a	2
4688a	2
4689a	2
4696a	2
4697a	2
4699a	0
4700a	1
4700b	1
4701a	0
4702a	2
4710a	0
4710b	0
4711a	1
4711b	1
4712a	2
4713a	2
4716a	2
4717a	0
4717b	0
4718a	1
4718b	1
4728a	0
4728b	0
4729a	1
4729b	1
4731a	1
4731b	1
4735a	1
4740a	1
4740b	1
4742a	0
4743a	1
4745a	0
4746a	2
4752a	2
4753a	2
4756a	2
4759a	0
4760a	1
4760b	1
4761a	2
4762a	2
4763a	2
4764a	2
4766a	0
4766b	0
4769a	2
4769b	1
4771a	2
4774a	2
4777a	0
4777b	0
4780a	2
4782a	1
4782b	1
4788a	2
4790a	2
4793a	0
4794a	1
4794b	1
4795a	0
4795b	0
4796a	1
4796b	1
4797a	0
4798a	1
4798b	1
4799a	2
4800a	2
4802a	0
4802b	0
4805a	0
4805b	0
4806a	1
4806b	1
4807a	0
4808a	2
4810a	2
4811a	2
4812a	1
4812b	1
4813a	2
4815a	0
4817a	0
4817b	0
4819a	2
4820a	2
4821a	2
4822a	2
4825a	1
4825b	1
4826a	0
4832a	0
4836a	2
4839a	2
4842a	0
4842b	0
4847a	2
4848a	2
4849a	2
4853a	0
4853b	0
4855a	2
4857a	2
4858a	2
4859a	2
4863a	1
4863b	1
4867a	2
4869a	2
4869b	0
4872a	1
4872b	1
4874a	2
4877a	2
4879a	1
4879b	1
4880a	2
4881a	1
4881b	1
4882a	2
4883a	1
4885a	2
4886a	0
4888a	1
4888b	1
4898a	0
4900a	2
4901a	2
4903a	2
4905a	2
4911a	2
4912a	2
4913a	2
4918a	2
4919a	2
4919b	2
4921a	1
4921b	1
4926a	1
4926b	1
4928a	2
4929a	2
4932a	2
4933a	2
4937a	2
4938a	2
4940a	2
4940b	2
4941a	0
4942a	2
4942b	1
4944a	0
4946a	1
4946b	1
4947a	2
4947b	2
4948a	1
4948b	1
4949a	2
4950a	2
4951a	2
4953a	2
4954a	0
4959a	2
4964a	1
4964b	1
4965a	2
4965b	0
4967a	2
4968a	2
4970a	2
4971a	2
4974a	0
4975a	1
4975b	1
4977a	2
4978a	2
4981a	0
4981b	0
4982a	1
4982b	1
4985a	2
4989a	2
4990a	0
4990b	0
4991a	1
4991b	1
4992a	0
4992b	0
4996a	2
4997a	2
4998a	2
5002a	2
5005a	0
5007a	0
5011a	1
5011b	1
5012a	2
5014a	2
5015a	2
5017a	0
5017b	0
5018a	2
5022a	0
5023a	2
5024a	0
5024b	0
5025a	2
5026a	2
5027a	0
5031a	1
5031b	1
5032a	2
5033a	0
5033b	0
5037a	1
5037b	1
5039a	0
5040a	1
5040b	1
5045a	2
5046a	2
5048a	0
5048b	0
5049a	1
5049b	1
5050a	0
5050b	0
5053a	2
5056a	2
5058a	1
5058b	1
5060a	1
5060b	1
5064a	1
5064b	1
5072a	2
5073a	2
5074a	2
5078a	1
5078b	1
5079a	2
5080a	2
5081a	2
5083a	2
5085a	1
5085b	1
5086a	1
5089a	2
5091a	2
5092a	2
5096a	2
5097a	2
5100a	2
5102a	0
5102b	0
5105a	1
5105b	1
5107a	1
5107b	1
5109a	2
5114a	1
5114b	1
5115a	2
5116a	2
5117a	2
5121a	1
5121b	1
5123a	1
5123b	1
5124a	2
5125a	2
5127a	2
5133a	2
5134a	1
5134b	1
5135a	0
5136a	1
5137a	0
5139a	1
5139b	1
5141a	1
5141b	1
5142a	2
5145a	2
5147a	0
5147b	0
5149a	0
5149b	0
5153a	2
5154a	2
5155a	2
5160a	2
5161a	2
5163a	2
5166a	1
5166b	1
5167a	0
5167b	0
5169a	2
5171a	2
5175a	1
5175b	1
5176a	0
5176b	0
5177a	1
5177b	1
5178a	0
5186a	1
5186b	1
5187a	2
5189a	2
5191a	2
5195a	1
5195b	1
5197a	1
5198a	0
5199a	2
5201a	0
5201b	0
5204a	1
5204b	1
5208a	2
5212a	0
5215a	2
5216a	2
5219a	0
5220a	1
5220b	1
5223a	2
5225a	2
5226a	2
5227a	2
5231a	1
5231b	1
5232a	2
5234a	2
5236a	2
5238a	1
5238b	1
5239a	2
5242a	2
5244a	2
5246a	0
5246b	0
5247a	1
5247b	1
5248a	0
5248b	0
5249a	1
5249b	1
5251a	2
5253a	2
5254a	2
5258a	1
5258b	1
5260a	2
5260b	1
5261a	0
5262a	2
5263a	0
5264a	2
5267a	1
5267b	1
5269a	1
5269b	1
5276a	1
5276b	1
5277a	0
5277b	0
5278a	1
5282a	0
5282b	0
5288a	2
5288b	0
5291a	0
5294a	1
5294b	1
5296a	2
5298a	2
5303a	1
5303b	1
5304a	0
5304b	0
5306a	0
5306b	0
5311a	0
5311b	0
5313a	0
5314a	2
5317a	0
5318a	0
5318b	0
5319a	1
5319b	1
5321a	1
5321b	1
5324a	2
5325a	2
5327a	0
5327b	0
5334a	1
5334b	1
5338a	0
5340a	2
5341a	2
5342a	2
5347a	0
5347b	0
5348a	1
5348b	1
5350a	0
5351a	0
5356a	0
5356b	0
5357a	1
5357b	1
5358a	0
5358b	0
5359a	1
5359b	1
5361a	1
5361b	1
5362a	0
5369a	2
5370a	2
5372a	0
5376a	2
5377a	2
5378a	2
5379a	2
5380a	2
5383a	0
5383b	0
5385a	2
5387a	2
5389a	2
5391a	2
5391b	2
5393a	1
5393b	1
5395a	2
5397a	1
5397b	2
5398a	0
5399a	0
5399b	0
5401a	0
5401b	0
5404a	2
5405a	2
5406a	2
5407a	2
5409a	1
5409b	1
5411a	1
5411b	1
5415a	2
5419a	0
5423a	2
5426a	0
5427a	1
5427b	1
5429a	1
5429b	1
5432a	0
5432b	0
5434a	0
5435a	0
5436a	2
5437a	0
5437b	0
5439a	2
5440a	2
5443a	2
5446a	0
5446b	0
5447a	1
5447b	1
5449a	2
5455a	0
5455b	0
5456a	1
5456b	1
5457a	2
5458a	0
5458b	0
5459a	2
5460a	2
5462a	0
5463a	1
5463b	1
5464a	0
5464b	0
5466a	0
5466b	0
5467a	1
5467b	1
5468a	2
5471a	0
5474a	1
5474b	1
5476a	2
5477a	2
5478a	2
5480a	0
5483a	1
5483b	1
5487a	2
5489a	2
5489b	0
5491a	0
5491b	0
5492a	1
5492b	1
5495a	2
5496a	2
5497a	2
5500a	0
5501a	1
5501b	1
5502a	2
5503a	2
5504a	2
5505a	2
5507a	0
5507b	0
5510a	1
5510b	1
5512a	2
5513a	2
5514a	2
5518a	0
5520a	2
5521a	2
5521b	2
5522a	2
5523a	2
5525a	2
5525b	0
5526a	1
5526b	1
5530a	2
5531a	2
5532a	2
5533a	2
5534a	0
5535a	1
5535b	1
5537a	1
5537b	1
5538a	2
5545a	0
5546a	1
5546b	1
5548a	2
5549a	2
5552a	0
5553a	1
5553b	1
5554a	0
5555a	1
5555b	1
5556a	2
5558a	2
5560a	2
5561a	0
5561b	0
5563a	0
5565a	2
5568a	1
5568b	1
5569a	0
5575a	2
5580a	1
5580b	1
5582a	2
5584a	2
5586a	2
5587a	2
5591a	1
5591b	1
5593a	1
5595a	1
5602a	2
5604a	2
5607a	1
5607b	1
5608a	2
5609a	1
5610a	2
5612a	2
5613a	2
5614a	2
5615a	0
5615b	0
5617a	2
5617b	0
5618a	1
5618b	1
5619a	2
5620a	2
5621a	0
5623a	0
5624a	0
5624b	0
5627a	1
5627b	1
5632a	2
5633a	0
5633b	0
5634a	2
5637a	0
5640a	2
5641a	0
5642a	0
5642b	0
5643a	1
5643b	1
5645a	1
5645b	1
5646a	0
5647a	2
5647b	1
5651a	2
5653a	0
5656a	2
5659a	2
5663a	2
5664a	2
5668a	2
5671a	0
5676a	2
5677a	0
5677b	0
5678a	2
5678b	0
5679a	1
5679b	1
5680a	0
5680b	0
5683a	2
5691a	2
5693a	2
5694a	2
5695a	2
5696a	0
5696b	0
5697a	1
5697b	1
5701a	1
5710a	1
5710b	1
5712a	1
5725a	0
5725b	0
5728a	2
5732a	2
5733a	2
5736a	2
5737a	2
5739a	2
5740a	2
5741a	0
5742a	1
5742b	1
5744a	1
5744b	1
5749a	2
5750a	0
5750b	0
5751a	1
5751b	1
5752a	0
5753a	1
5753b	1
5755a	2
5756a	2
5758a	2
5761a	0
5762a	0
5762b	0
5764a	2
5765a	2
5768a	2
5770a	0
5770b	0
5772a	0
5773a	1
5773b	1
5776a	0
5777a	1
5777b	1
5779a	2
5779b	0
5788a	0
5788b	0
5791a	1
5791b	1
5792a	0
5792b	0
5794a	0
5794b	0
5797a	0
5801a	2
5810a	2
5811a	2
5812a	2
5813a	2
5815a	2
5815b	0
5816a	1
5816b	1
5819a	2
5820a	2
5821a	2
5822a	2
5823a	2
5824a	0
5824b	0
5825a	1
5825b	1
5828a	2
5829a	2
5834a	1
5834b	1
5835a	0
5835b	0
5839a	2
5841a	2
5842a	0
5845a	1
5845b	1
5847a	1
5847b	1
5851a	0
5851b	0
5852a	1
5852b	1
5853a	0
5855a	0
5857a	2
5859a	0
5860a	0
5861a	1
5861b	1
5864a	0
5865a	1
5867a	1
5867b	1
5875a	0
5875b	0
5876a	2
5879a	2
5882a	0
5883a	2
5885a	2
5886a	2
5887a	0
5890a	2
5894a	2
5895a	2
5898a	0
5899a	1
5899b	1
5900a	2
5901a	2
5902a	0
5905a	0
5905b	0
5906a	1
5906b	1
5907a	2
5911a	2
5918a	2
5919a	2
5922a	2
5923a	2
5928a	2
5931a	2
5936a	0
5937a	1
5937b	1
5941a	0
5941b	0
5943a	0
5943b	0
5944a	2
5947a	2
5952a	0
5952b	0
5956a	2
5960a	2
5964a	0
5964b	0
5965a	1
5965b	1
5966a	2
5968a	2
5970a	2
5975a	0
5975b	0
5976a	1
5976b	1
5977a	2
5978a	2
5978b	1
5979a	2
5982a	2
5983a	0
5983b	0
5986a	2
5987a	2
5988a	2
5989a	2
5990a	2
5991a	2
5992a	2
5996a	0
5996b	0
6000a	2
6006a	0
6006b	0
6007a	1
6007b	1
6014a	0
6014b	0
6015a	2
6017a	2
6017b	0
6020a	2
6022a	2
6028a	1
6030a	2
6032a	2
6035a	1
6035b	1
6037a	1
6037b	1
6038a	2
6041a	2
6044a	2
6045a	0
6045b	0
6050a	2
6051a	2
6052a	2
6053a	2
6054a	0
6056a	0
6056b	0
6060a	2
6061a	2
6065a	0
6065b	0
6068a	2
6072a	2
6075a	2
6077a	1
6077b	1
6080a	0
6082a	0
6083a	0
6083b	0
6084a	2
6084b	1
6085a	0
6085b	0
6086a	1
6086b	1
6088a	2
6092a	0
6093a	2
6093b	1
6095a	1
6095b	1
6096a	0
6098a	0
6099a	2
6101a	0
6101b	0
6103a	2
6104a	0
6105a	1
6105b	1
6108a	2
6112a	2
6117a	2
6117b	1
6120a	2
6122a	2
6123a	0
6127a	2
6128a	2
6133a	1
6135a	0
6135b	0
6136a	1
6136b	1
6137a	2
6144a	1
6145a	0
6145b	0
6147a	2
6150a	2
6152a	0
6154a	0
6154b	0
6155a	1
6157a	2
6159a	2
6160a	2
6161a	0
6161b	0
6164a	1
6164b	1
6169a	2
6170a	0
6170b	0
6171a	1
6171b	1
6174a	1
6174b	1
6175a	2
6176a	2
6178a	2
6179a	2
6180a	2
6183a	0
6185a	0
6185b	0
6186a	1
6186b	1
6187a	2
6188a	2
6191a	2
6193a	1
6193b	1
6194a	0
6194b	0
6195a	0
6197a	2
6198a	2
6199a	2
6200a	2
6202a	1
6202b	1
6212a	0
6214a	0
6215a	1
6215b	1
6218a	0
6224a	1
6224b	1
6225a	2
6232a	0
6232b	0
6233a	2
6234a	2
6236a	2
6239a	0
6239b	0
6241a	0
6241b	0
6242a	2
6243a	2
6246a	2
6248a	0
6248b	0
6249a	1
6249b	1
6250a	0
6253a	0
6258a	0
6259a	0
6259b	0
6263a	2
6266a	1
6266b	1
6267a	0
6272a	2
6278a	1
6278b	1
6288a	0
6288b	0
6290a	0
6290b	0
6291a	1
6291b	1
6292a	2
6293a	1
6295a	2
6297a	0
6297b	0
6299a	0
6299b	0
6300a	2
6301a	2
6302a	2
6305a	2
6306a	0
6306b	0
6307a	1
6307b	1
6308a	0
6309a	1
6309b	1
6310a	2
6311a	2
6313a	2
6316a	1
6316b	1
6317a	0
6317b	0
6318a	1
6319a	2
6321a	0
6327a	0
6327b	0
6334a	2
6335a	0
6335b	0
6336a	1
6336b	1
6337a	0
6338a	0
6342a	2
6345a	0
6346a	0
6346b	0
6347a	2
6348a	0
6348b	0
6349a	1
6349b	1
6350a	2
6353a	2
6357a	0
6357b	0
6359a	0
6360a	2
6362a	2
6363a	2
6366a	0
6366b	0
6368a	2
6370a	2
6370b	2
6372a	2
6373a	2
6375a	0
6377a	0
6377b	0
6381a	1
6382a	2
6385a	2
6386a	0
6387a	2
6390a	2
6392a	2
6395a	0
6395b	0
6397a	0
6397b	0
6402a	2
6404a	0
6404b	0
6405a	1
6405b	1
6407a	0
6411a	2
6412a	2
6417a	0
6417b	0
6419a	2
6420a	2
6421a	0
6423a	2
6424a	2
6426a	0
6426b	0
6429a	1
6429b	1
6432a	2
6434a	2
6443a	0
6444a	1
6447a	1
6447b	1
6448a	0
6448b	0
6454a	2
6458a	1
6458b	1
6460a	2
6460b	1
6463a	2
6467a	2
6468a	0
6469a	1
6470a	0
6471a	1
6471b	1
6477a	0
6477b	0
6478a	1
6478b	1
6480a	1
6480b	1
6488a	0
6488b	0
6489a	1
6489b	1
6491a	2
6496a	1
6496b	1
6497a	0
6500a	2
6506a	0
6506b	0
6508a	0
6508b	0
6510a	2
6511a	2
6513a	2
6514a	2
6517a	0
6521a	2
6527a	1
6527b	1
6529a	1
6531a	2
6532a	2
6535a	1
6535b	1
6536a	2
6540a	1
6540b	1
6543a	0
6543b	0
6546a	0
6546b	0
6548a	0
6548b	0
6549a	1
6549b	1
6550a	2
6552a	2
6554a	2
6555a	0
6555b	0
6557a	0
6558a	2
6559a	2
6563a	2
6565a	1
6565b	1
6566a	0
6566b	0
6567a	1
6567b	1
6569a	2
6572a	2
6575a	0
6575b	0
6576a	1
6576b	1
6578a	1
6578b	1
6579a	2
6580a	1
6582a	2
6582b	1
6584a	0
6584b	0
6588a	2
6589a	2
6591a	2
6593a	0
6593b	0
6595a	0
6595b	0
6597a	2
6599a	2
6600a	1
6600b	1
6603a	1
6603b	1
6605a	2
6605b	1
6607a	2
6610a	2
6614a	1
6614b	1
6615a	2
6617a	2
6618a	2
6618b	1
6619a	2
6626a	2
6631a	1
6632a	0
6632b	0
6635a	2
6638a	2
6640a	0
6640b	0
6644a	2
6646a	2
6647a	2
6648a	2
6656a	2
6657a	2
6658a	2
6659a	2
6665a	2
6669a	0
6669b	0
6671a	0
6671b	0
6674a	1
6675a	2
6678a	0
6678b	0
6683a	1
6683b	1
6684a	2
6684b	2
6687a	0
6687b	0
6688a	2
6692a	2
6694a	2
6695a	0
6696a	0
6697a	1
6697b	1
6698a	0
6698b	0
6700a	2
6701a	2
6711a	2
6714a	0
6715a	1
6715b	1
6717a	1
6720a	1
6720b	1
6721a	2
6723a	1
6723b	1
6725a	0
6725b	0
6728a	2
6731a	2
6733a	2
6735a	1
6736a	0
6738a	2
6738b	1
6742a	2
6745a	0
6746a	1
6746b	1
6747a	0
6748a	2
6748b	1
6750a	2
6752a	2
6754a	0
6754b	0
6757a	1
6757b	1
6758a	2
6760a	2
6761a	2
6762a	2
6765a	2
6766a	0
6768a	2
6769a	2
6770a	2
6771a	2
6772a	2
6773a	2
6775a	1
6775b	1
6777a	1
6778a	2
6781a	2
6789a	2
6791a	2
6799a	2
6800a	2
6802a	1
6802b	1
6804a	0
6804b	0
6805a	1
6810a	2
6812a	0
6813a	1
6813b	1
6814a	0
6814b	0
6816a	0
6819a	1
6819b	1
6822a	2
6824a	0
6825a	1
6825b	1
6830a	2
6833a	1
6833b	1
6834a	0
6834b	0
6840a	2
6843a	0
6843b	0
6845a	0
6847a	2
6851a	2
6855a	1
6855b	1
6857a	2
6857b	2
6862a	1
6863a	0
6863b	0
6865a	2
6868a	2
6869a	2
6870a	0
6875a	2
6877a	1
6879a	0
6879b	0
6880a	1
6880b	1
6884a	2
6885a	2
6887a	2
6890a	0
6890b	0
6894a	2
6896a	2
6897a	0
6899a	0
6899b	0
6901a	2
6902a	1
6902b	1
6903a	2
6905a	2
6907a	1
6913a	2
6914a	2
6918a	0
6918b	0
6919a	2
6920a	2
6921a	2
6922a	2
6923a	2
6924a	2
6927a	1
6927b	1
6931a	1
6934a	0
6940a	2
6942a	2
6945a	2
6946a	0
6946b	0
6947a	1
6947b	1
6948a	0
6948b	0
6950a	2
6957a	0
6957b	0
6958a	2
6966a	2
6968a	0
6968b	0
6969a	1
6969b	1
6970a	0
6974a	2
6974b	1
6975a	2
6978a	2
6979a	0
6979b	0
6980a	2
6981a	0
6981b	0
6982a	1
6982b	1
6983a	2
6987a	2
6991a	1
6991b	1
6992a	2
6993a	2
6994a	2
6995a	2
6996a	2
6997a	0
6997b	0
6998a	1
6998b	1
7000a	1
7000b	1
7001a	2
7004a	2
7005a	2
7006a	0
7006b	0
7008a	0
7008b	0
7009a	1
7009b	1
7013a	2
7016a	1
7016b	1
7019a	1
7019b	1
7020a	2
7021a	2
7022a	2
7025a	2
7026a	0
7026b	0
7028a	0
7028b	0
7035a	0
7035b	0
7040a	2
7045a	2
7054a	2
7056a	1
7058a	1
7058b	1
7060a	1
7061a	0
7063a	0
7066a	0
7066b	0
7070a	2
7074a	1
7074b	1
7077a	2
7081a	2
7082a	0
7082b	0
7083a	1
7083b	1
7084a	0
7085a	0
7085b	0
7086a	1
7087a	2
7090a	2
7092a	2
7094a	1
7094b	1
7099a	0
7100a	2
7100b	2
7101a	0
7103a	1
7103b	1
7104a	0
7104b	0
7105a	1
7105b	1
7108a	1
7110a	2
7116a	2
7116b	1
7118a	2
7119a	2
7120a	1
7121a	0
7123a	2
7124a	0
7125a	1
7125b	1
7126a	0
7126b	0
7127a	1
7127b	1
7133a	2
7138a	0
7139a	1
7143a	1
7143b	1
7144a	2
7145a	0
7150a	2
7153a	0
7153b	0
7155a	0
7156a	1
7156b	1
7161a	2
7161b	1
7164a	2
7165a	0
7165b	0
7166a	1
7166b	1
7185a	1
7186a	2
7189a	0
7196a	1
7196b	1
7200a	2
7204a	2
7205a	1
7208a	2
7209a	2
7210a	2
7211a	1
7213a	0
7217a	2
7218a	2
7219a	2
7221a	2
7222a	0
7222b	0
7224a	1
7224b	1
7226a	1
7226b	1
7229a	2
7230a	2
7234a	1
7234b	1
7235a	0
7237a	1
7237b	1
7239a	2
7240a	2
7241a	2
7242a	0
7246a	0
7252a	2
7262a	2
7267a	1
7267b	1
7268a	0
7269a	1
7270a	2
7271a	1
7274a	0
7276a	1
7276b	1
7277a	0
7277b	0
7280a	2
7281a	2
7287a	1
7287b	1
7291a	2
7292a	2
7293a	2
7294a	2
7298a	1
7298b	1
7300a	1
7300b	1
7302a	2
7304a	0
7304b	0
7306a	2
7309a	0
7313a	2
7314a	0
7314b	0
7315a	0
7316a	2
7320a	2
7320b	2
7322a	1
7332a	2
7332b	2
7334a	0
7335a	0
7340a	2
7343a	2
7344a	2
7346a	0
7347a	1
7347b	1
7349a	2
7352a	2
7358a	1
7358b	1
7359a	0
7359b	0
7362a	2
7364a	2
7365a	2
7367a	1
7367b	1
7368a	0
7368b	0
7370a	0
7371a	2
7372a	2
7375a	2
7381a	2
7383a	2
7386a	0
7386b	0
7388a	0
7389a	2
7390a	2
7391a	1
7392a	2
7397a	0
7397b	0
7398a	2
7399a	2
7402a	2
7411a	2
7414a	1
7414b	1
7416a	0
7416b	0
7417a	2
7418a	0
7418b	0
7419a	2
7420a	0
7420b	0
7422a	0
7423a	0
7423b	0
7427a	1
7427b	1
7428a	2
7432a	2
7434a	2
7437a	2
7438a	2
7441a	2
7444a	0
7446a	1
7446b	1
7451a	2
7452a	2
7454a	2
7455a	0
7457a	0
7457b	0
7459a	0
7459b	0
7461a	1
7462a	2
7468a	0
7470a	1
7472a	2
7474a	1
7474b	1
7476a	0
7479a	0
7479b	0
7481a	2
7483a	2
7485a	2
7486a	0
7486b	0
7487a	1
7487b	1
7491a	2
7492a	2
7493a	1
7496a	1
7497a	0
7497b	0
7499a	2
7503a	2
7504a	2
7505a	2
7506a	0
7506b	0
7507a	2
7508a	0
7509a	1
7509b	1
7511a	2
7516a	1
7516b	1
7522a	2
7525a	1
7525b	1
7526a	2
7527a	0
7527b	0
7532a	2
7534a	2
7537a	2
7537b	1
7539a	1
7539b	1
7542a	2
7543a	2
7545a	2
7547a	2
7549a	1
7549b	1
7550a	0
7551a	1
7551b	1
7553a	2
7554a	0
7556a	2
7557a	0
7557b	0
7558a	2
7559a	2
7561a	2
7563a	2
7564a	2
7567a	1
7567b	1
7569a	1
7569b	1
7572a	0
7573a	1
7576a	1
7576b	1
7577a	0
7580a	0
7581a	2
7583a	2
7587a	1
7587b	1
7588a	0
7588b	0
7594a	2
7599a	2
7603a	1
7603b	1
7606a	0
7608a	0
7608b	0
7609a	1
7609b	1
7611a	2
7612a	2
7613a	1
7616a	1
7616b	1
7618a	0
7619a	2
7622a	2
7625a	2
7629a	2
7630a	2
7634a	2
7636a	1
7636b	1
7638a	1
7638b	1
7639a	2
7641a	1
7641b	1
7642a	2
7643a	2
7647a	1
7647b	1
7648a	0
7651a	2
7651b	1
7652a	2
7653a	1
7654a	2
7657a	2
7658a	0
7659a	1
7659b	1
7660a	2
7662a	2
7665a	2
7666a	0
7666b	0
7668a	0
7668b	0
7669a	1
7670a	0
7672a	0
7675a	0
7675b	0
7678a	0
7678b	0
7680a	2
7681a	2
7682a	2
7687a	1
7687b	1
7688a	0
7689a	1
7689b	1
7692a	0
7697a	2
7699a	1
7699b	1
7700a	2
7701a	2
7702a	2
7703a	2
7707a	1
7711a	2
7711b	1
7712a	2
7714a	2
7716a	1
7716b	1
7719a	2
7722a	1
7722b	1
7723a	2
7724a	0
7724b	0
7728a	2
7729a	2
7731a	2
7732a	2
7733a	2
7739a	2
7740a	2
7741a	2
7742a	2
7744a	0
7744b	0
7746a	2
7747a	2
7747b	0
7751a	2
7752a	2
7753a	2
7754a	2
7755a	0
7755b	0
7757a	0
7757b	0
7760a	2
7763a	2
7764a	2
7768a	0
7768b	0
7769a	1
7769b	1
7771a	0
7776a	0
7777a	0
7778a	1
7778b	1
7779a	0
7780a	1
7780b	1
7781a	2
7782a	2
7784a	2
7785a	2
7787a	1
7787b	1
7790a	2
7792a	2
7793a	2
7794a	2
7798a	1
7798b	1
7804a	0
7805a	1
7805b	1
7808a	2
7810a	2
7811a	2
7813a	0
7817a	2
7819a	2
7821a	2
7822a	0
7822b	0
7823a	1
7823b	1
7834a	1
7834b	1
7836a	1
7836b	1
7838a	2
7839a	0
7839b	0
7841a	2
7844a	2
7847a	2
7849a	0
7851a	0
7851b	0
7859a	1
7859b	1
7861a	1
7861b	1
7864a	2
7866a	2
7867a	0
7868a	1
7868b	1
7869a	2
7872a	2
7875a	2
7876a	2
7878a	0
7878b	0
7881a	1
7884a	0
7887a	0
7888a	1
7888b	1
7890a	2
7891a	2
7892a	2
7893a	0
7896a	0
7898a	0
7898b	0
7899a	1
7899b	1
7900a	2
7902a	0
7903a	2
7906a	1
7906b	1
7909a	1
7909b	1
7912a	2
7917a	1
7917b	1
7921a	2
7921b	2
7923a	1
7923b	1
7925a	0
7926a	1
7926b	1
7927a	0
7933a	2
7934a	0
7934b	0
7935a	1
7935b	1
7936a	0
7936b	0
7939a	2
7940a	2
7946a	1
7946b	1
7953a	2
7954a	0
7954b	0
7957a	1
7957b	1
7959a	2
7963a	2
7964a	0
7964b	0
7966a	2
7967a	2
7971a	2
7972a	0
7973a	2
7976a	2
7977a	2
7980a	2
7981a	0
7981b	0
7985a	2
7986a	2
7987a	1
7989a	0
7990a	2
7993a	1
7993b	1
7995a	1
7995b	1
7996a	2
7998a	2
7999a	1
8002a	1
8002b	1
8005a	2
8006a	2
8010a	0
8012a	0
8012b	0
8014a	0
8018a	2
8021a	0
8021b	0
8024a	2
8025a	2
8028a	0
8028b	0
8029a	1
8029b	1
8031a	1
8031b	1
8032a	2
8037a	0
8037b	0
8038a	1
8038b	1
8039a	0
8039b	0
8040a	1
8040b	1
8041a	2
8044a	2
8047a	2
8049a	1
8050a	2
8055a	0
8058a	2
8059a	2
8060a	2
8064a	0
8065a	2
8067a	2
8068a	0
8069a	0
8071a	2
8072a	0
8073a	0
8076a	2
8076b	2
8077a	2
8079a	2
8084a	0
8089a	2
8090a	0
8091a	0
8091b	0
8092a	2
8093a	0
8093b	0
8094a	1
8094b	1
8095a	2
8096a	2
8105a	2
8109a	0
8110a	1
8110b	1
8112a	1
8112b	1
8119a	1
8119b	1
8120a	0
8121a	2
8124a	2
8126a	2
8127a	0
8127b	0
8129a	0
8130a	1
8130b	1
8134a	2
8136a	0
8136b	0
8145a	0
8145b	0
8147a	0
8152a	2
8155a	1
8155b	1
8156a	0
8156b	0
8157a	1
8157b	1
8158a	2
8159a	2
8161a	2
8162a	2
8165a	0
8165b	0
8168a	2
8173a	2
8175a	2
8177a	2
8179a	2
8180a	0
8184a	1
8184b	1
8186a	2
8187a	2
8189a	2
8189b	1
8190a	0
8190b	0
8191a	2
8192a	0
8192b	0
8194a	2
8195a	2
8196a	2
8199a	2
8200a	1
8200b	1
8201a	2
8206a	0
8210a	0
8211a	1
8211b	1
8213a	2
8215a	2
8216a	2
8217a	0
8219a	0
8223a	2
8225a	2
8227a	1
8227b	1
8228a	0
8230a	0
8230b	0
8233a	2
8246a	0
8247a	1
8247b	1
8248a	2
8249a	2
8251a	2
8258a	2
8264a	0
8264b	0
8266a	0
8267a	0
8272a	2
8274a	1
8274b	1
8276a	2
8277a	2
8281a	2
8282a	0
8282b	0
8283a	1
8283b	1
8285a	2
8288a	2
8289a	2
8289b	0
8294a	2
8296a	1
8300a	0
8304a	0
8305a	2
8306a	0
8307a	0
8307b	0
8312a	2
8316a	0
8317a	1
8317b	1
8321a	2
8323a	2
8325a	0
8325b	0
8327a	0
8328a	1
8328b	1
8329a	2
8330a	2
8331a	2
8333a	2
8335a	2
8336a	0
8338a	0
8339a	1
8340a	0
8345a	0
8347a	0
8349a	0
8351a	0
8352a	0
8355a	1
8356a	2
8358a	2
8360a	2
8363a	0
8363b	0
8366a	2
8367a	2
8368a	2
8374a	2
8376a	2
8377a	2
8377b	2
8379a	0
8381a	0
8381b	0
8384a	2
8388a	0
8400a	1
8400b	1
8406a	0
8409a	1
8409b	1
8412a	0
8412b	0
8417a	0
8419a	2
8421a	2
8424a	0
8424b	0
8425a	1
8425b	1
8426a	2
8430a	2
8431a	2
8434a	1
8434b	1
8435a	0
8435b	0
8437a	2
8441a	2
8444a	0
8444b	0
8446a	0
8449a	2
8452a	1
8452b	1
8453a	0
8455a	0
8456a	2
8457a	0
8458a	2
8458b	1
8459a	2
8460a	0
8462a	0
8469a	0
8470a	2
8474a	2
8475a	2
8476a	2
8479a	1
8481a	1
8481b	1
8482a	0
8483a	1
8484a	0
8486a	2
8489a	0
8489b	0
8490a	1
8490b	1
8492a	1
8493a	2
8494a	2
8501a	2
8502a	0
8504a	0
8506a	2
8506b	2
8507a	2
8511a	2
8512a	2
8514a	0
8516a	2
8517a	2
8520a	0
8521a	1
8521b	1
8524a	1
8524b	1
8525a	0
8525b	0
8528a	2
8529a	2
8530a	2
8532a	0
8532b	0
8536a	2
8537a	2
8538a	2
8541a	0
8543a	0
8555a	2
8561a	0
8562a	1
8562b	1
8563a	2
8564a	2
8566a	2
8567a	2
8569a	2
8572a	2
8574a	0
8578a	2
8581a	0
8582a	2
8584a	2
8586a	0
8586b	0
8588a	0
8589a	1
8589b	1
8590a	2
8593a	2
8594a	2
8596a	2
8596b	1
8597a	0
8598a	2
8600a	2
8601a	2
8606a	0
8606b	0
8607a	1
8607b	1
8608a	0
8609a	1
8609b	1
8610a	0
8611a	0
8613a	0
8613b	0
8614a	1
8614b	1
8618a	2
8620a	2
8622a	0
8622b	0
8624a	0
8626a	2
8629a	2
8630a	2
8631a	0
8635a	2
8636a	2
8637a	2
8639a	2
8645a	2
8646a	2
8647a	2
8649a	2
8651a	0
8651b	0
8656a	2
8657a	2
8663a	1
8663b	1
8664a	2
8665a	2
8668a	2
8669a	0
8674a	2
8675a	2
8676a	2
8679a	1
8679b	1
8680a	0
8683a	2
8684a	2
8685a	2
8686a	2
8689a	0
8689b	0
8690a	1
8690b	1
8691a	0
8692a	2
8696a	0
8697a	1
8697b	1
8699a	1
8699b	1
8702a	2
8705a	0
8708a	1
8709a	2
8712a	2
8716a	0
8719a	2
8724a	1
8724b	1
8728a	2
8728b	1
8738a	2
8739a	1
8739b	1
8741a	0
8742a	2
8743a	0
8743b	0
8746a	2
8748a	2
8749a	2
8750a	0
8751a	1
8753a	1
8753b	1
8756a	2
8757a	2
8759a	0
8760a	1
8760b	1
8766a	2
8767a	2
8768a	0
8768b	0
8775a	1
8777a	2
8779a	1
8779b	1
8781a	2
8783a	2
8784a	2
8787a	2
8790a	0
8791a	2
8794a	0
8796a	2
8801a	2
8805a	2
8813a	0
8814a	2
8815a	0
8815b	0
8816a	1
8822a	0
8823a	1
8823b	1
8830a	2
8834a	1
8834b	1
8836a	2
8838a	2
8842a	0
8842b	0
8844a	2
8846a	2
8848a	2
8852a	1
8852b	1
8854a	2
8856a	0
8858a	0
8859a	1
8862a	2
8867a	2
8869a	2
8873a	1
8875a	2
8876a	2
8878a	2
8879a	2
8888a	1
8888b	1
8892a	2
8894a	0
8894b	0
8901a	2
8902a	2
8903a	0
8907a	0
8908a	2
8913a	1
8913b	1
8914a	2
8915a	1
8915b	1
8916a	2
8917a	0
8918a	2
8924a	1
8924b	1
8926a	2
8932a	0
8934a	2
8936a	2
8937a	2
8942a	2
8944a	2
8945a	2
8948a	0
8948b	0
8949a	2
8952a	2
8955a	2
8956a	2
8957a	0
8957b	0
8958a	1
8958b	1
8959a	0
8961a	2
8964a	2
8965a	2
8966a	0
8966b	0
8967a	1
8967b	1
8972a	2
8973a	2
8976a	2
8977a	2
8978a	1
8978b	1
8980a	2
8982a	2
8983a	2
8987a	1
8987b	1
8988a	2
8992a	2
8994a	1
8994b	1
8996a	0
8996b	0
8998a	2
8999a	2
9000a	2
9001a	2
9005a	1
9005b	1
9006a	0
9011a	2
9015a	0
9015b	0
9017a	2
9019a	2
9021a	2
9024a	0
9028a	2
9030a	2
9031a	0
9031b	0
9040a	0
9040b	0
9041a	1
9041b	1
9044a	0
9045a	0
9046a	0
9046b	0
9050a	1
9054a	2
9054b	1
9058a	0
9066a	2
9067a	2
9067b	0
9068a	2
9071a	2
9073a	2
9074a	2
9075a	2
9077a	2
9078a	0
9078b	0
9080a	2
9083a	2
9085a	0
9085b	0
9086a	1
9086b	1
9090a	2
9095a	1
9095b	1
9096a	0
9097a	1
9097b	1
9098a	2
9099a	2
9101a	2
9103a	2
9106a	1
9106b	1
9108a	2
9109a	2
9113a	1
9113b	1
9117a	2
9126a	2
9127a	2
9129a	2
9133a	1
9133b	1
9134a	2
9139a	0
9139b	0
9140a	1
9140b	1
9141a	0
9141b	0
9142a	1
9142b	1
9146a	1
9146b	1
9147a	0
9148a	0
9150a	0
9153a	2
9155a	2
9156a	2
9159a	0
9159b	0
9160a	1
9160b	1
9161a	2
9167a	2
9171a	2
9172a	2
9184a	0
9184b	0
9185a	2
9186a	0
9187a	1
9187b	1
9189a	2
9192a	2
9193a	0
9193b	0
9194a	1
9194b	1
9196a	1
9196b	1
9206a	2
9208a	2
9212a	1
9212b	1
9213a	0
9213b	0
9215a	2
9222a	0
9223a	1
9223b	1
9230a	1
9230b	1
9233a	0
9235a	0
9236a	2
9238a	0
9239a	1
9239b	1
9240a	0
9240b	0
9241a	1
9241b	1
9247a	0
9249a	0
9249b	0
9250a	1
9250b	1
9254a	2
9255a	2
9259a	2
9262a	2
9264a	2
9269a	2
9272a	2
9273a	2
9274a	0
9274b	0
9275a	1
9275b	1
9280a	2
9281a	1
9281b	1
9284a	1
9284b	1
9285a	0
9285b	0
9288a	2
9292a	0
9293a	1
9293b	1
9295a	2
9297a	2
9299a	1
9300a	2
9305a	2
9307a	2
9308a	2
9309a	2
9313a	1
9313b	1
9315a	2
9319a	0
9319b	0
9326a	2
9327a	2
9328a	2
9329a	2
9330a	0
9330b	0
9335a	1
9337a	1
9337b	1
9338a	0
9342a	2
9343a	2
9344a	2
9349a	1
9349b	1
9350a	1
9351a	2
9354a	2
9356a	2
9361a	2
9362a	2
9367a	1
9367b	1
9368a	0
9369a	1
9370a	2
9373a	2
9374a	2
9377a	0
9385a	2
9386a	0
9387a	1
9387b	1
9388a	2
9389a	2
9391a	2
9393a	2
9394a	1
9394b	1
9395a	0
9395b	0
9400a	2
9402a	0
9407a	2
9408a	2
9412a	2
9413a	0
9414a	1
9430a	1
9431a	0
9431b	0
9434a	1
9434b	1
9435a	0
9436a	1
9437a	0
9439a	2
9442a	2
9445a	2
9447a	0
9447b	0
9448a	1
9448b	1
9455a	2
9457a	2
9461a	1
9461b	1
9462a	2
9465a	2
9467a	2
9469a	2
9471a	0
9473a	0
9475a	2
9482a	2
9488a	1
9488b	1
9489a	0
9492a	1
9493a	0
9495a	1
9495b	1
9496a	2
9497a	1
9497b	1
9499a	2
9502a	2
9504a	2
9506a	2
9510a	0
9512a	0
9512b	0
9515a	2
9516a	2
9517a	2
9524a	1
9525a	2
9526a	1
9529a	2
9530a	0
9531a	2
9532a	0
9532b	0
9535a	2
9537a	2
9538a	2
9540a	1
9540b	1
9541a	0
9541b	0
9542a	1
9542b	1
9544a	2
9549a	1
9549b	1
9551a	2
9554a	0
9555a	1
9555b	1
9556a	0
9557a	0
9558a	1
9558b	1
9561a	0
9562a	0
9563a	0
9565a	0
9567a	2
9567b	0
9569a	2
9570a	2
9572a	0
9574a	2
9576a	2
9576b	2
9577a	0
9577b	0
9578a	1
9578b	1
9579a	2
9580a	2
9581a	2
9583a	2
9591a	2
9592a	2
9593a	2
9594a	2
9599a	2
9600a	2
9602a	2
9604a	0
9604b	0
9605a	1
9605b	1
9610a	2
9615a	2
9616a	1
9616b	1
9617a	2
9624a	2
9627a	2
9631a	0
9632a	2
9635a	1
9635b	1
9636a	0
9638a	2
9639a	2
9641a	0
9643a	1
9643b	1
9644a	0
9645a	1
9645b	1
9646a	2
9650a	2
9651a	2
9653a	0
9656a	2
9657a	2
9659a	2
9662a	0
9665a	0
9666a	0
9667a	1
9668a	0
9675a	2
9676a	2
9678a	2
9678b	1
9680a	0
9680b	0
9684a	2
9687a	2
9689a	0
9689b	2
9691a	2
9692a	2
9694a	2
9694b	2
9695a	2
9697a	2
9698a	0
9698b	0
9699a	1
9699b	1
9700a	2
9701a	2
9702a	2
9703a	2
9704a	2
9708a	1
9709a	2
9710a	2
9715a	1
9715b	1
9717a	2
9717b	1
9718a	2
9719a	2
9720a	0
9721a	2
9723a	0
9726a	1
9726b	1
9730a	2
9731a	2
9733a	1
9733b	1
9736a	2
9738a	2
9744a	1
9744b	1
9746a	2
9748a	0
9749a	0
9749b	0
9752a	0
9753a	2
9757a	2
9758a	2
9760a	2
9764a	2
9765a	2
9766a	2
9769a	2
9770a	2
9773a	2
9774a	2
9776a	2
9778a	2
9780a	2
9784a	2
9786a	2
9795a	2
9799a	2
9800a	2
9803a	2
9805a	2
9806a	2
9811a	2
9814a	2
9815a	2
9816a	2
9817a	2
9820a	2
9821a	2
9825a	2
9827a	2
9829a	2
9836a	2
9839a	2
9840a	2
9841a	2
9844a	2
9847a	2
9851a	2
9853a	2
9856a	2
9859a	2
9860a	2
9863a	2
9864a	2
9868a	2
9870a	2
9874a	2
9875a	2
9876a	2
9878a	2
9879a	2
9882a	2
9884a	2
9885a	2
9886a	2
9889a	2
9893a	2
9895a	2
9897a	2
9900a	2
9903a	2
9904a	2
9905a	2
9911a	2
9912a	2
9914a	2
9915a	2
9916a	2
9919a	2
9921a	2
9922a	2
9926a	2
9927a	2
9934a	2
9935a	2
9936a	2
9938a	2
9940a	2
9942a	2
9943a	2
9947a	2
9949a	2
9951a	2
9955a	2
9960a	2
9967a	2
9968a	2
9973a	2
9974a	2
9976a	2
9980a	2
9981a	2
9982a	2
9983a	2
9984a	2
9985a	2
9993a	2
9997a	2
9998a	2
9999a	2
10000a	2
10000b	2